HOA,HOA_Flag
149,1
30,1
5,1
42,1
158,0
309,
316,
115,1
17,1
476,1
279,0
149,0
32,
467,
433,
143,
197,0
122,0
67,
380,1
234,
444,0
355,0
388,0
180,0
303,0
341,0
36,1
423,
153,0
395,
374,0
42,0
11,
219,
171,
23,1
126,
323,0
42,
272,
147,1
247,1
348,0
132,0
353,0
347,
480,1
151,1
332,
116,0
90,0
470,
214,
483,0
175,0
45,0
65,
29,0
327,
153,
312,0
357,0
405,0
257,1
302,1
356,1
94,0
494,0
361,
342,
15,
472,
452,1
311,1
200,0
464,1
206,1
357,1
57,0
98,0
197,1
130,1
153,1
148,1
254,0
483,1
138,1
309,1
111,0
184,
327,1
108,1
225,0
160,1
358,0
303,0
285,0
472,
165,
49,
211,
293,1
496,1
444,1
46,1
216,
212,0
104,0
341,
320,0
24,0
91,0
213,0
497,
462,0
114,0
115,
332,0
87,0
142,0
444,0
184,
364,0
211,0
93,
65,
466,1
10,1
204,
376,
307,0
184,1
359,1
152,0
149,
407,1
315,0
211,
114,0
145,
9,1
213,1
379,0
121,
172,1
460,0
397,
39,0
376,
452,1
2,1
221,1
486,0
336,1
115,
237,0
102,1
300,
280,0
17,1
108,
146,1
20,
153,
57,
314,
254,
175,0
141,
426,0
347,
176,
455,1
438,0
393,
337,1
107,
148,
201,0
444,1
333,1
420,0
236,0
160,0
351,0
352,
192,
459,1
230,0
263,0
372,0
257,
139,
135,
86,1
302,
199,
302,
46,
129,1
318,
476,
214,
117,
288,0
60,1
420,
308,
482,
437,
252,
141,0
427,
173,1
447,
121,
275,1
366,0
50,1
229,1
65,0
202,1
125,
143,0
389,0
208,
322,1
372,1
172,0
78,0
124,0
119,1
207,
252,0
145,0
59,
402,1
102,
339,0
149,0
467,0
32,
47,0
276,
253,
103,0
384,1
271,0
182,1
179,0
93,0
7,0
258,
249,0
51,0
177,0
136,0
453,1
205,
181,0
55,1
256,1
80,0
72,1
2,
353,0
411,0
380,
12,0
130,0
340,0
334,0
338,1
74,1
158,
33,
144,0
56,
411,1
17,
193,1
491,
78,1
367,0
205,0
78,0
495,1
308,1
12,
323,
99,1
438,1
452,0
460,1
401,
351,
107,
61,1
264,0
456,0
101,
302,0
52,
424,0
114,0
70,
186,0
445,1
29,
377,0
26,0
194,0
339,1
267,1
421,0
45,
401,1
431,0
96,0
297,1
139,0
363,
296,0
417,0
270,0
489,
51,0
215,
117,1
422,0
231,0
496,
271,0
132,1
128,
326,
95,
224,
453,0
483,
249,0
479,1
157,0
110,
194,1
122,1
19,0
178,1
444,1
422,1
214,0
323,
243,
346,1
454,
361,1
41,
347,0
23,1
307,0
83,
217,
73,0
449,
1,0
284,0
141,
427,0
216,1
369,1
160,0
470,
471,
373,1
207,1
130,1
195,
471,0
55,
471,0
300,
267,0
10,1
242,
349,0
493,
138,0
386,0
68,0
499,1
312,0
493,1
338,0
497,0
472,1
311,1
228,
499,1
275,
263,1
263,
468,
30,1
410,0
169,0
182,0
45,1
174,0
246,
253,1
479,
121,
238,1
226,
490,1
324,1
70,1
292,0
28,
344,1
375,1
198,
336,0
173,1
442,
280,
409,1
247,1
272,
335,1
430,1
34,
30,
79,1
287,1
334,0
403,1
9,1
498,
389,
163,
489,
138,1
209,1
140,0
379,1
51,
264,
308,
384,0
354,1
353,
32,
7,0
238,
345,1
199,
364,0
257,0
486,0
209,1
382,1
420,0
359,0
341,0
4,1
390,0
419,
260,1
471,0
120,0
458,1
225,
169,
21,
479,
404,
270,1
365,1
102,
376,0
162,1
29,1
489,0
381,0
48,
346,
52,
70,
203,0
249,
340,1
433,1
495,
143,0
453,1
0,
499,1
164,1
256,0
108,
109,0
18,1
475,0
132,1
330,1
256,0
449,1
163,0
479,
256,1
178,1
284,0
83,1
194,1
195,0
367,1
334,1
266,0
355,0
134,
14,1
265,0
251,1
49,1
152,1
22,1
443,
431,
99,1
217,0
489,1
13,
376,1
104,1
22,
416,
126,0
93,1
352,0
329,0
447,0
478,0
133,1
123,0
415,1
136,
67,0
85,
198,1
74,0
482,1
142,1
482,
254,0
288,0
339,1
262,0
464,1
416,1
35,0
452,
336,1
474,0
203,
98,1
376,0
145,0
6,1
29,
144,
202,
467,0
496,
44,
352,
36,0
288,
374,0
270,1
343,1
89,
88,1
111,0
451,1
343,
185,1
480,0
148,1
260,0
475,1
154,
170,
273,0
260,1
105,1
346,0
261,1
72,
181,0
378,
394,
183,
310,
383,0
18,0
284,0
41,0
111,
460,1
215,1
327,0
398,
207,0
373,1
223,
155,0
274,1
251,0
27,
368,
500,
39,1
90,0
412,0
169,1
200,1
156,1
241,1
304,1
289,
267,
289,0
322,0
392,0
259,0
270,
275,1
329,
12,
436,
274,0
274,0
227,0
288,1
106,
343,1
123,
89,
227,0
30,0
0,1
333,
142,0
437,0
96,
92,1
346,0
367,1
357,1
217,0
111,1
202,
60,
150,1
124,0
355,
378,1
449,0
436,0
210,
106,0
281,
190,1
27,
29,
101,1
308,
419,1
115,0
488,
208,1
388,1
277,
133,
326,0
282,1
389,0
462,0
256,1
199,1
203,1
108,
109,0
137,
122,0
230,0
217,
234,
431,1
249,1
420,0
274,1
160,1
186,
407,1
340,0
464,1
229,1
253,
354,
295,1
243,1
296,1
329,
277,1
231,1
69,
60,1
236,
385,
264,0
257,
481,1
90,0
261,
270,
395,0
431,1
217,0
123,0
384,1
280,1
228,
79,1
489,1
152,1
208,0
189,1
23,1
212,1
370,1
301,0
242,
292,
49,
143,
77,0
375,0
304,1
314,0
496,
178,0
461,
480,
125,1
103,1
353,0
90,0
32,1
151,
178,0
228,1
278,0
167,0
192,1
355,1
232,0
64,
280,
280,
424,
467,
465,1
33,0
311,0
103,
9,1
130,1
219,
174,
237,
195,0
358,
185,1
102,
339,1
24,0
344,1
475,
55,
223,0
448,0
438,
32,
369,0
482,
148,
150,1
105,0
21,1
198,0
89,
200,
397,1
441,
235,0
40,0
326,
54,
48,
305,0
146,0
323,
127,1
397,
105,1
2,
474,0
160,0
334,
19,
450,0
468,0
115,0
30,0
399,
150,
290,1
438,1
34,
73,
244,
381,1
363,0
447,0
126,
101,0
344,1
37,1
182,1
369,0
186,0
254,
277,0
498,0
4,1
219,1
142,1
1,1
414,0
468,1
284,1
230,
453,1
369,
409,0
422,
424,1
460,1
339,0
431,
3,1
462,0
87,0
141,
403,1
365,1
72,1
341,1
25,1
34,0
217,0
148,
487,0
45,0
225,0
374,1
443,1
90,0
467,0
302,0
336,1
111,1
314,0
270,1
172,1
81,1
80,
96,0
447,1
401,
364,0
75,
244,0
222,0
356,
215,
105,
17,1
76,1
86,0
211,
399,1
372,
483,1
142,0
484,
131,0
76,1
262,1
474,
481,0
464,
436,
456,1
365,1
90,0
169,
148,1
338,1
325,1
120,
493,0
58,
217,0
94,0
16,0
179,0
281,1
377,1
48,1
310,0
64,1
429,
371,1
205,1
169,0
303,1
310,
48,0
449,
84,1
132,1
383,1
414,
125,
40,0
204,
279,0
488,
265,1
41,0
155,
92,1
72,0
120,1
440,1
186,
453,0
238,0
83,0
276,1
69,1
0,0
345,1
27,1
245,
78,1
232,1
449,
124,0
163,
135,1
204,0
81,1
282,1
494,1
104,0
450,
372,
464,
36,
369,0
205,1
167,
288,
118,
470,1
122,1
13,0
386,
286,0
492,
409,
161,
274,0
368,
293,0
204,0
126,0
153,0
219,
217,
264,0
450,1
308,1
67,1
467,
424,0
219,0
479,
252,0
98,0
397,
146,
166,
435,
323,0
370,
220,0
367,0
417,1
222,1
230,
342,
4,
411,0
250,
478,1
8,1
219,0
110,1
191,0
375,1
27,1
389,0
116,
81,
31,
490,1
327,1
146,
20,0
1,
353,
300,0
322,
210,0
479,
322,0
245,1
447,0
182,1
381,1
135,
244,0
438,0
279,0
445,
340,
101,
365,
287,1
135,0
391,1
59,0
218,
499,
307,0
22,0
76,1
488,
77,
466,
69,
237,0
163,
162,1
76,0
396,
360,1
478,
329,0
303,
108,0
170,0
303,
496,1
397,1
158,1
149,1
466,
393,
49,0
440,
198,
38,
295,
376,
358,0
6,0
63,1
64,
157,0
87,
96,1
435,
316,1
1,1
248,1
297,1
151,1
416,1
345,1
430,1
151,1
140,0
287,0
465,
101,0
58,
392,
496,0
48,
71,0
294,1
147,
323,
455,1
162,
163,0
430,0
231,0
100,0
320,1
246,
45,
120,1
193,
14,1
99,1
255,
83,
182,0
405,0
301,0
59,
260,0
352,0
152,1
207,0
394,0
258,1
293,
149,
356,
193,1
449,0
313,0
28,
177,
417,
499,
112,1
116,0
376,0
122,
317,
459,0
72,1
283,
346,1
91,1
348,1
372,1
322,0
60,1
350,0
189,1
5,0
38,1
369,
367,1
238,1
30,1
490,1
35,
14,
189,1
45,0
190,0
417,0
463,
21,1
201,1
419,1
434,0
433,
346,1
479,
338,0
426,0
234,0
146,0
493,
132,1
425,1
33,0
194,
116,1
52,
94,1
159,0
171,
496,0
211,1
381,1
232,1
100,0
87,
349,1
192,1
335,0
394,1
38,
388,
234,0
229,
52,0
479,0
259,
111,0
443,
327,1
339,0
163,1
42,
74,0
135,
417,1
485,
114,1
53,0
278,0
454,0
299,1
2,
381,
250,1
83,0
178,1
122,
166,1
96,
40,1
494,
87,
413,
30,0
193,
336,0
351,0
182,0
344,
170,1
192,
185,
285,
99,
217,1
102,0
172,0
426,1
406,
331,
394,
207,
147,
280,1
218,0
497,1
376,1
400,1
348,1
326,
470,1
36,1
479,
68,
229,0
443,1
474,0
64,0
96,0
71,
143,1
179,
109,0
76,
357,1
23,0
17,0
255,1
376,
361,0
385,0
74,0
125,0
338,
379,0
287,1
258,
59,
479,1
453,0
482,0
257,
1,
209,
169,
66,
134,
46,
118,
180,
157,0
0,0
251,0
484,1
287,0
387,0
132,0
13,0
395,0
168,1
224,1
164,
17,
467,
446,1
410,1
463,0
82,
313,0
299,1
364,0
158,
245,1
0,
387,
188,
160,0
137,
491,
310,
497,1
353,0
370,
386,1
420,0
88,
445,1
242,0
210,
74,0
187,1
452,0
17,
61,1
374,1
90,1
277,0
244,
114,
451,
203,1
296,
342,
100,
90,0
25,0
347,1
110,0
258,0
380,0
87,1
331,
132,
406,1
230,
449,1
85,1
153,
306,1
331,1
330,0
352,0
217,1
337,0
210,
294,1
426,
456,
76,0
437,0
52,0
251,0
477,
374,1
163,
113,0
449,
178,0
377,0
393,
486,0
318,
391,1
111,
192,0
116,1
183,0
458,1
355,1
203,0
84,
305,
57,0
499,
357,
422,1
14,1
64,
121,1
311,0
132,1
338,
464,
442,
219,0
20,1
263,0
24,1
431,0
40,0
137,1
483,
114,0
162,
488,
253,0
357,0
38,
268,0
490,0
251,0
489,1
68,1
87,
456,
371,
15,1
13,0
448,0
293,0
176,0
85,1
194,0
218,0
282,0
172,0
458,0
215,0
336,0
245,0
243,1
167,1
140,1
95,
139,
291,
462,1
284,1
31,1
345,1
118,
72,1
405,0
156,0
0,
398,1
431,0
88,1
95,
84,0
130,
218,0
382,
150,
353,1
344,1
3,0
262,
295,0
498,1
184,
246,1
345,
271,
331,1
371,1
415,0
59,1
31,
57,
294,1
499,0
327,
243,0
343,0
227,
362,0
6,0
364,0
114,1
281,0
32,
476,0
359,1
52,1
185,1
263,0
323,1
445,0
399,0
131,
319,
275,1
80,0
211,1
194,1
356,
423,0
293,1
476,
455,
31,0
14,0
28,1
332,0
404,
474,1
166,1
61,1
397,0
383,1
219,
461,1
452,0
401,0
20,1
424,
247,0
202,1
141,0
130,1
446,0
172,0
62,1
109,0
295,
208,0
304,0
57,
83,0
166,0
57,0
107,1
438,1
482,
55,
52,0
482,
133,1
340,0
110,
500,0
231,0
205,
208,1
129,1
421,
61,0
178,
427,1
206,
304,1
317,
185,
71,0
196,
432,
161,
374,
100,1
1,0
274,
363,0
0,0
183,1
270,
443,0
163,
308,0
192,0
56,1
129,0
114,
61,
35,
136,
328,1
378,
421,0
226,0
404,0
187,0
439,1
313,0
457,0
349,0
479,1
140,
80,1
471,1
435,0
17,
45,
192,0
177,1
410,0
313,0
457,1
421,0
99,1
98,
312,
246,1
61,0
421,
87,1
202,1
340,1
50,0
73,
222,1
326,
116,
290,0
360,0
25,1
160,
410,0
341,0
65,1
120,1
285,0
134,1
149,0
307,0
56,0
77,
86,
36,1
83,1
450,
175,0
487,
417,0
388,0
228,1
447,
25,0
424,
369,
106,1
272,0
119,1
250,0
449,0
198,0
377,0
21,
196,
461,1
69,1
161,
444,
229,1
387,
238,1
500,1
368,0
224,
85,0
303,0
487,
436,0
233,1
193,
121,
271,
323,0
181,0
237,
468,0
78,
51,
136,0
206,1
482,0
399,0
78,1
1,
12,0
77,
344,1
170,0
408,
121,0
196,0
5,1
56,1
205,1
16,
461,1
247,0
255,
453,
410,1
314,
67,
176,
402,0
290,0
42,1
113,
460,0
376,1
162,0
194,0
214,0
334,1
316,1
76,
117,
187,
57,0
72,0
190,0
323,1
145,1
128,
434,
251,1
50,1
195,
150,0
129,
9,1
475,0
489,0
481,
398,1
162,1
165,
76,0
315,1
129,
152,
220,1
358,
438,1
53,1
293,
202,
110,
325,0
23,1
283,
432,
44,0
128,
315,1
248,
245,
362,1
184,
50,0
208,1
99,0
148,1
452,1
289,0
301,0
8,0
100,0
285,1
466,
209,1
245,0
339,1
286,1
385,
76,
469,1
117,
459,0
304,0
94,0
4,1
7,0
106,
2,
48,0
464,
384,1
300,1
315,1
371,0
56,0
71,1
340,0
198,1
402,1
228,1
288,1
41,0
442,1
247,1
439,1
280,1
173,0
338,0
276,
282,1
419,0
273,0
375,0
106,0
377,1
241,
15,
11,1
295,0
49,
368,0
169,
238,
124,1
52,1
486,1
171,1
392,
29,
282,1
357,0
255,0
218,0
482,1
134,0
155,
208,1
86,1
37,1
83,1
15,0
238,0
362,0
177,0
337,
499,1
279,
26,
63,
388,1
306,
142,
144,1
89,
213,
488,0
322,
302,0
131,0
3,
350,0
186,0
397,0
287,1
370,0
17,1
355,
222,1
381,
390,1
304,1
368,
321,1
147,1
477,1
477,0
173,1
355,
259,
326,
30,
424,1
290,0
291,0
296,1
192,
364,
66,
89,0
221,0
469,0
33,1
355,
166,
494,0
143,0
439,
39,1
168,
347,0
92,
399,0
311,1
116,
85,1
402,
385,0
244,0
76,0
47,
121,1
225,
275,1
346,1
442,1
163,1
203,
342,0
190,1
423,
237,
393,
305,
486,0
177,
294,1
130,
337,0
244,
50,
60,1
400,1
294,0
199,1
134,
211,0
126,0
296,0
277,
353,
1,0
212,
470,1
71,1
458,
438,0
132,
209,
51,
220,1
188,
428,1
185,1
496,0
273,1
52,1
274,0
161,
356,1
319,
300,1
113,1
10,1
378,1
286,1
176,
243,0
126,1
488,1
496,
439,1
358,
373,
75,0
345,
481,0
326,0
1,0
496,1
454,1
137,0
248,
371,
348,0
120,
321,0
405,1
335,
273,1
275,0
416,0
224,1
56,1
435,
75,1
152,
442,0
131,
95,0
350,0
174,0
1,1
133,0
136,
187,
182,1
62,1
358,1
428,
378,
268,
317,
398,0
403,0
373,0
349,1
335,1
177,1
298,
281,0
494,
393,1
165,
360,1
264,0
432,
325,0
287,
178,1
16,0
474,1
339,0
385,
42,1
165,1
465,
260,0
383,1
246,
96,0
370,0
177,
456,1
377,
458,1
41,0
437,0
455,1
347,
424,0
56,
473,
56,0
433,0
101,0
104,
101,
173,1
250,0
90,1
390,1
473,
383,0
122,0
379,
262,0
172,0
216,1
222,0
146,0
150,
241,0
28,
125,0
344,1
54,0
469,0
346,
88,
482,0
216,
328,
452,0
303,1
105,
252,1
33,
205,
306,
439,1
223,1
98,
403,1
375,
81,1
20,1
412,
309,0
464,0
470,1
64,
6,0
327,1
245,
225,1
466,
112,
452,
471,1
267,1
313,0
268,1
26,
450,
340,
225,0
87,
51,0
336,1
139,
491,
431,
22,1
389,0
424,1
90,1
406,
187,1
406,
97,0
212,0
47,
291,
479,1
94,1
425,0
377,1
120,
111,0
317,
172,
32,0
345,1
360,
31,
290,0
473,1
17,
173,0
47,0
107,
169,0
189,
317,1
124,
397,0
129,1
169,0
311,0
210,1
96,1
83,1
326,1
92,
109,
314,
305,
94,1
287,0
161,
77,1
199,1
373,1
91,1
12,1
158,1
434,1
71,
341,0
159,
6,1
414,0
467,1
53,1
93,
495,0
311,1
154,
153,
328,
202,
228,
486,0
400,1
224,0
47,0
56,0
248,0
139,0
287,
220,1
417,1
74,0
257,0
168,1
434,1
144,0
181,1
318,1
33,0
485,
305,
135,1
365,
77,
118,
233,
120,0
382,1
458,0
470,0
296,
151,0
320,1
196,0
296,
9,0
289,1
400,0
193,
64,0
235,0
277,1
210,0
441,
484,1
453,
234,1
378,1
457,1
122,
364,
220,0
18,1
354,0
457,
484,0
173,1
111,1
256,1
351,0
276,1
321,1
202,0
202,
475,1
253,1
371,0
393,1
387,
394,0
494,0
433,1
453,0
396,
231,1
428,1
124,0
322,0
156,
193,1
72,
404,1
199,
223,1
419,1
259,1
434,0
202,
28,1
252,1
114,
139,0
126,1
37,0
171,0
397,1
8,
271,
327,1
30,
336,
35,
256,
72,0
224,1
217,0
157,1
287,1
253,
95,1
317,
255,1
252,0
96,1
232,
153,
172,1
453,
288,
91,1
196,
109,1
4,1
93,1
304,0
224,0
281,1
487,1
316,1
432,
388,
416,1
118,1
23,1
325,1
46,1
178,
22,1
249,1
343,0
278,
45,0
388,0
51,
470,0
145,
90,
254,1
456,1
76,1
475,1
224,
238,1
74,0
6,1
69,1
102,
466,
460,1
32,0
223,
79,
272,1
26,0
342,1
86,0
414,
498,1
368,0
451,0
392,1
12,0
331,1
123,1
15,1
86,0
62,1
174,
251,
398,
315,1
107,0
452,0
172,
353,1
431,1
305,
334,
253,0
122,0
373,1
19,0
220,
321,1
38,
116,1
343,
41,0
87,0
179,
72,1
485,0
40,
73,0
310,
35,1
393,
13,
22,
474,1
250,1
377,1
139,
169,0
359,
51,0
74,1
25,
362,
373,
8,1
171,0
418,1
210,0
308,0
486,0
127,1
445,0
224,
301,1
379,0
26,1
493,0
104,0
219,1
60,1
497,0
379,0
336,1
146,0
107,
274,1
9,
3,1
60,1
101,0
335,0
344,
28,
160,1
447,1
419,1
202,0
406,
52,
182,1
366,1
36,1
397,0
220,
434,0
148,0
123,
239,
433,0
169,0
27,0
312,
7,0
458,1
107,0
237,1
98,0
170,
122,1
289,1
436,1
293,0
176,0
424,
460,
167,1
0,0
312,0
100,0
299,0
406,0
410,1
474,0
47,1
326,
123,0
107,1
482,1
303,0
208,0
122,0
327,1
153,
352,1
426,
213,
341,0
105,
114,1
212,
34,0
488,0
130,0
378,
306,1
466,
273,1
81,1
264,1
467,
20,1
131,
301,0
466,0
237,
199,0
287,
71,0
469,
323,
291,0
323,1
171,
374,
333,
2,0
151,1
388,
339,0
280,1
209,0
282,
84,1
60,
270,
497,1
452,1
489,1
222,0
99,0
424,1
61,1
44,1
373,
55,1
207,1
473,1
269,1
233,0
249,1
24,1
320,
296,0
445,1
207,1
441,
93,
93,
420,
321,0
121,1
492,1
10,1
286,
298,0
197,1
132,
127,0
396,0
194,0
396,
486,
100,1
320,
198,0
144,
449,
228,0
312,
320,
251,1
217,
98,1
283,0
470,1
21,
329,1
95,
405,
331,1
42,1
223,1
395,1
82,0
250,
106,
127,0
421,
55,1
377,1
375,0
368,1
234,0
495,1
170,
307,0
32,1
357,1
305,1
247,
163,1
381,0
367,1
267,1
230,0
398,1
481,1
364,1
116,1
105,1
9,0
372,
409,
301,1
31,1
95,
418,1
137,
284,
247,
141,0
309,
339,0
269,
277,0
225,
54,
417,
457,
66,1
184,
76,0
468,0
301,1
53,
136,1
418,1
134,1
381,
470,1
286,0
36,0
286,0
19,1
378,0
365,
441,
348,0
91,0
462,
65,0
39,0
164,1
0,
394,1
121,
388,
230,0
136,
111,1
350,
22,0
392,
312,1
386,1
275,0
375,
253,0
80,
13,1
120,1
141,1
349,0
302,0
31,1
215,1
41,
200,
40,1
250,1
148,
367,1
393,
174,
328,1
367,1
263,1
356,
426,1
28,0
120,
349,
57,1
111,0
412,1
291,1
88,0
331,1
281,1
40,1
101,1
77,
296,0
313,0
489,
88,1
384,
364,1
100,1
76,1
298,1
241,
256,1
137,
247,0
440,1
157,0
343,0
451,0
168,
309,0
354,1
484,
248,0
286,0
114,0
105,
31,1
260,
203,0
137,
251,
440,0
217,0
211,
395,1
460,0
342,0
313,0
184,
271,1
175,
325,1
328,
143,
499,1
426,1
362,0
473,
29,
288,1
380,0
5,1
99,1
147,
169,0
272,
171,0
8,0
58,0
402,1
453,
25,1
194,0
342,
431,0
455,0
309,1
194,1
191,
209,0
439,0
32,1
138,1
297,
252,
185,
44,
101,0
324,1
448,1
166,0
290,0
380,0
140,
334,0
468,
342,1
425,
368,1
370,0
115,
231,0
308,0
247,1
30,1
101,1
355,
470,1
151,1
212,1
433,0
40,
10,1
246,0
229,0
93,0
167,0
290,0
152,0
387,0
198,0
151,1
331,0
95,0
430,1
426,
25,1
57,1
37,
114,1
333,1
141,
450,
470,1
490,0
217,0
204,1
261,
355,1
335,1
265,1
96,0
299,0
143,
259,1
47,0
335,0
486,0
331,
477,1
2,0
352,1
164,1
108,1
6,
429,
397,0
147,0
38,1
222,0
347,1
33,0
409,1
131,1
491,1
141,
214,
142,1
406,
424,1
299,
365,
38,1
208,1
175,0
463,0
214,
442,0
112,0
448,
132,1
401,0
16,0
474,0
28,1
191,
232,1
94,1
346,
436,1
360,0
240,1
202,1
262,0
31,1
323,0
34,1
437,
79,0
260,
174,0
324,0
280,0
452,1
482,1
266,0
129,1
94,
365,1
388,
483,0
130,0
267,0
132,0
480,0
98,0
246,
86,
115,1
207,
311,1
399,1
475,0
105,
486,
68,0
278,0
433,1
237,0
217,
120,0
160,
112,
455,1
164,
36,
388,0
388,
7,1
279,
402,
144,
452,1
164,0
161,0
240,
368,0
18,
28,0
375,1
5,0
187,
343,1
133,1
205,1
131,
154,
378,
270,0
185,0
229,
20,1
3,
76,0
247,
174,1
485,1
368,1
114,0
237,
465,0
490,0
85,
215,0
40,0
202,
467,
461,0
356,0
3,0
310,1
267,1
139,
151,0
113,1
264,
179,
12,0
36,0
142,0
67,1
70,0
306,1
148,1
120,0
435,0
158,
466,1
464,0
336,1
430,1
74,1
426,0
98,0
488,
329,
375,0
38,
229,1
461,
183,
192,
260,
376,
343,0
498,0
348,1
83,1
413,1
124,
241,0
86,
68,0
238,
223,1
35,
62,0
158,0
493,1
58,0
143,1
95,1
460,1
115,1
240,
162,1
293,0
287,1
465,
262,1
379,1
225,
198,
414,1
3,
309,0
294,0
480,1
372,
180,1
82,
313,0
272,1
40,0
275,0
218,1
187,0
285,1
454,1
173,0
0,
150,0
187,1
77,1
112,1
175,1
353,0
355,1
108,0
35,1
475,1
445,1
327,
101,1
278,
498,1
278,0
328,0
251,
407,1
239,1
114,1
104,0
303,1
404,1
473,0
47,0
374,1
463,1
159,1
493,
285,1
208,0
164,
360,1
240,
275,1
255,0
197,
311,0
48,0
108,
433,1
216,0
369,
199,
211,
70,0
473,
216,
225,1
368,
20,0
169,
461,
24,
240,
249,
147,
7,0
286,0
361,0
438,
117,0
102,
268,1
87,0
482,0
127,0
209,
25,
209,
214,1
200,1
112,0
271,
480,0
197,1
400,0
56,
73,0
262,0
52,1
260,
309,0
85,1
7,1
476,
32,1
387,
453,
374,0
330,
477,
198,0
104,
327,0
484,
83,1
239,
0,0
126,
170,1
67,
243,0
472,
140,1
399,0
246,1
390,0
91,
290,0
294,
80,0
188,
321,
47,1
240,0
400,0
140,0
352,1
157,1
212,0
261,0
108,1
239,1
439,1
50,
282,
283,
348,
460,
455,1
474,1
37,
471,1
395,1
5,
80,
349,1
423,0
199,0
199,
422,
302,0
319,0
233,
487,
445,0
220,
426,0
381,1
255,1
67,0
186,
95,0
90,1
387,0
121,1
313,
258,
429,1
426,
51,1
491,
188,1
346,0
355,
292,0
289,1
128,0
131,
31,1
42,
275,
307,0
325,
27,0
431,
245,0
316,1
347,1
28,0
429,
470,
240,0
6,0
120,0
45,0
320,
227,0
362,1
35,
157,
64,0
456,1
122,0
438,
328,
253,0
380,1
118,
251,0
404,1
275,1
387,0
334,0
266,
316,
406,1
162,0
131,
16,1
423,1
15,
380,0
354,1
169,
272,1
182,1
145,1
476,0
238,0
213,
155,1
305,0
428,0
278,0
40,0
224,1
112,0
96,
89,0
244,0
458,1
46,
288,
1,1
283,
278,0
213,1
493,0
451,1
212,
307,0
205,1
448,1
241,
401,1
423,1
87,
447,1
28,0
125,
480,0
346,1
306,0
107,0
494,0
235,1
53,1
176,0
39,0
42,1
311,1
379,0
91,1
242,1
461,1
51,
182,
473,1
402,
332,0
388,
481,0
36,0
139,0
85,1
352,
56,1
280,1
103,1
469,0
256,1
21,1
276,
474,1
228,0
185,1
496,1
339,
51,
119,1
243,0
148,0
265,0
13,1
427,
468,
207,
306,
153,1
317,
211,0
49,
337,1
323,
470,0
49,1
308,1
308,1
175,0
143,0
299,
208,1
22,0
217,
396,
171,
368,0
328,
481,
272,
210,0
15,0
37,0
348,0
1,0
318,1
336,0
138,0
284,
87,0
375,0
93,
26,0
161,
135,
269,0
235,0
115,1
418,1
379,
134,1
189,
338,
423,0
96,1
477,1
479,
437,1
1,
53,
190,0
259,
237,
88,
406,
360,
200,0
389,
33,
149,1
361,0
425,
10,0
459,0
70,1
195,0
358,
172,0
427,
214,0
338,0
266,
493,
497,1
65,
457,
251,0
28,0
19,1
493,1
85,1
375,
491,0
445,
176,1
263,1
433,
21,
116,0
214,1
380,1
213,0
352,
444,1
29,
8,
254,1
88,1
251,
21,0
313,0
455,1
65,1
500,0
227,1
311,
296,0
392,1
456,
488,
240,0
355,0
258,0
490,1
184,1
461,0
170,1
43,
203,
103,1
39,0
436,0
140,
409,1
67,0
427,1
428,1
226,0
8,1
262,0
260,1
340,0
231,0
272,
343,
8,0
57,1
230,
154,1
84,1
160,1
263,1
191,1
321,0
494,
439,0
471,
377,
18,
488,0
410,1
44,1
399,0
2,0
129,
485,0
437,
310,
449,1
270,
437,0
487,0
381,0
401,0
122,
487,0
299,0
161,1
356,1
45,
25,0
454,1
294,
249,0
295,0
463,0
86,0
233,1
365,0
251,0
282,
124,1
162,1
15,1
248,1
384,0
463,
437,1
18,0
100,0
96,0
320,0
239,1
227,
386,1
365,1
78,0
399,
358,1
365,
262,0
362,1
314,1
371,
335,1
109,
247,
380,
448,
499,1
133,
147,
199,1
77,0
108,1
424,0
14,
444,1
286,
233,0
234,1
458,1
398,
243,
475,
347,0
461,1
73,
78,
267,0
269,1
99,0
240,
362,
173,
423,
73,1
41,0
5,0
299,0
327,
112,1
414,
11,
168,1
74,1
360,
181,
39,1
254,
212,1
426,1
168,1
72,0
213,1
464,
39,
351,1
353,0
447,0
55,0
125,1
103,0
356,
486,
177,0
48,0
269,
175,
478,
438,0
369,1
451,1
215,0
445,
440,0
332,
419,0
262,0
455,0
415,1
189,0
59,1
259,0
443,1
88,1
108,
275,
219,
146,
305,0
136,1
451,
195,
212,1
103,1
131,0
295,0
254,0
144,0
495,
469,1
82,1
451,0
445,1
473,1
412,
341,1
126,
106,0
289,
91,
231,1
298,0
71,
425,
155,
137,1
432,0
472,1
206,
22,0
420,1
470,1
445,
435,1
224,1
72,
190,
359,1
294,0
360,
96,1
466,1
107,1
286,1
59,
334,
158,
21,
353,1
433,
406,
168,0
311,0
446,1
144,0
264,1
143,
22,
120,
54,1
355,1
469,0
170,0
23,
155,1
95,
380,0
108,
57,
46,0
120,1
144,0
68,1
278,
104,0
77,0
172,
9,
363,1
279,1
208,0
220,0
215,1
496,1
31,
127,1
97,0
360,1
141,1
380,
67,
259,
415,
437,
139,1
117,0
329,1
418,
388,
23,0
82,
329,0
431,
378,0
386,
300,
22,0
207,0
139,
487,
254,0
429,1
159,0
317,
480,
228,
336,0
281,1
261,0
87,1
225,1
293,
451,
192,0
164,0
296,
233,1
366,
166,0
346,
7,0
475,0
85,
339,0
402,
208,1
306,1
103,1
419,0
237,0
78,0
52,0
153,
164,
18,0
159,1
355,0
232,0
455,1
175,0
58,0
494,0
490,0
57,
375,1
140,
307,0
371,0
275,
461,1
23,1
209,1
398,
227,0
207,0
90,0
302,0
214,1
143,0
33,1
103,
216,
291,
485,
331,1
199,0
343,
146,1
58,0
111,1
158,
35,
401,1
484,
190,0
211,1
476,
355,1
356,
172,0
163,
266,1
377,1
60,0
292,1
100,
391,
345,1
329,0
239,0
208,0
70,1
263,1
82,1
178,1
151,0
468,1
177,0
457,0
369,0
36,1
170,1
165,0
53,1
238,0
482,1
5,
118,0
122,0
102,0
349,
81,0
293,0
49,0
448,0
310,1
280,0
130,0
78,0
360,0
115,0
288,0
92,
234,
399,
71,1
311,1
407,1
93,
243,0
230,0
104,1
66,1
485,
304,
339,
386,
449,0
314,1
309,0
319,0
31,1
174,0
380,1
100,0
57,1
183,0
249,0
212,0
35,1
456,1
221,1
28,1
235,1
153,0
113,1
175,0
156,1
274,1
222,
343,0
201,1
337,1
28,1
378,1
451,0
497,
232,0
390,
307,0
260,
373,1
453,0
309,1
469,
161,
18,0
202,
170,0
446,1
157,0
7,0
242,1
235,1
276,0
193,
274,0
355,0
459,
308,1
36,
253,0
11,0
337,1
32,0
147,0
491,0
321,1
440,1
421,0
145,1
448,1
57,0
202,
179,
231,0
157,0
315,0
2,1
400,
492,
295,0
179,1
114,
484,1
271,
451,0
476,1
77,1
10,0
294,
321,
32,1
141,1
313,1
102,
214,1
105,1
154,1
499,
190,1
340,0
6,
443,
156,1
66,1
64,0
112,1
95,
4,0
364,0
67,
467,1
377,0
412,
83,
13,0
338,1
472,1
447,1
231,0
183,1
293,0
476,1
496,
235,1
387,1
23,
298,
84,
314,0
311,
281,
198,
88,0
28,
312,0
63,
209,1
322,
463,0
243,1
497,0
126,1
384,0
305,1
428,1
132,0
378,
88,
86,1
494,0
447,
485,0
300,0
22,0
40,0
206,1
475,0
353,0
167,
16,1
228,0
426,1
323,
228,
330,
476,0
261,1
366,0
440,
442,0
204,
496,1
187,
114,0
139,0
361,0
485,0
382,0
305,1
284,
64,
61,0
89,0
184,
165,1
340,1
44,
222,1
134,0
435,1
41,1
163,1
47,0
182,
393,
290,1
314,1
473,
227,0
197,0
341,
438,
427,
278,
299,0
99,0
13,0
313,
423,1
385,
86,0
338,0
347,1
131,
445,1
426,
351,
414,1
316,
355,0
270,1
452,
296,0
364,0
403,1
268,0
396,
390,
24,0
450,1
107,0
292,0
149,0
174,
420,0
183,1
86,0
53,0
102,0
133,0
236,1
322,0
235,0
141,
62,1
476,
324,
54,0
312,
452,0
382,
271,1
220,0
260,
12,0
149,
438,1
262,
388,0
57,0
291,
375,1
15,1
401,0
175,
208,0
414,1
107,1
201,0
27,1
307,
447,0
301,
43,1
117,
421,0
5,0
449,0
314,0
32,0
305,1
83,0
405,0
85,0
433,
311,
67,1
342,
82,
8,
100,
438,0
400,0
361,0
69,
387,0
447,1
132,1
379,
401,0
292,0
211,1
417,1
134,1
399,1
224,
365,
160,1
313,1
496,
275,1
216,
54,0
75,0
121,
382,1
87,
420,0
373,0
451,1
118,1
176,1
170,
228,1
495,0
236,1
82,1
189,0
236,0
428,
360,0
255,1
145,1
290,
13,0
416,1
381,1
125,1
210,
285,0
340,
406,0
321,
252,1
410,1
326,
400,0
409,1
111,0
205,0
187,0
132,1
40,
51,0
426,
263,1
124,
169,
340,1
401,0
6,0
31,1
78,
131,1
365,
449,
8,
117,0
88,
455,0
285,0
60,0
172,0
387,0
473,1
350,1
80,0
404,1
245,
80,
409,1
296,1
321,0
456,
15,
473,
378,1
22,0
425,1
439,0
232,1
143,0
170,1
223,0
127,0
242,1
13,
335,1
382,
259,
124,
283,0
319,
183,1
336,0
378,
77,1
492,1
325,0
241,
351,
323,0
467,0
356,
299,1
56,1
477,1
305,1
126,0
199,0
354,0
458,0
474,0
152,1
28,0
290,1
160,0
470,
433,0
269,0
434,1
191,1
358,0
87,
273,
225,
411,
269,
124,
135,0
249,1
196,0
323,0
381,0
265,
170,
364,1
384,0
483,
96,1
184,
224,1
127,
359,1
21,1
15,1
90,
294,1
78,0
466,
224,
351,1
241,0
0,
128,
215,0
461,0
91,0
177,0
214,
72,
308,
53,
494,0
434,1
89,
193,0
433,0
444,
303,
1,
393,1
90,1
354,
231,
81,1
184,1
263,0
284,0
69,0
80,
158,
112,
388,
440,1
18,1
200,
268,0
64,1
120,1
78,1
252,0
214,1
408,
178,0
120,0
206,
165,0
295,1
388,0
498,
433,1
45,
472,0
416,
435,0
481,1
225,
102,1
449,
1,
135,1
35,1
6,1
415,
379,0
477,0
451,1
99,0
321,1
233,
253,
73,0
454,1
343,
291,1
187,1
94,1
299,
381,1
130,1
462,
60,0
15,0
494,
122,
319,
132,
385,
209,0
446,1
18,
393,0
97,0
219,0
38,1
53,0
495,1
406,0
483,
476,0
10,
223,1
64,1
97,1
138,0
235,
208,0
18,
200,0
61,0
301,
361,1
104,
22,
253,0
445,
260,1
375,1
154,0
135,1
360,0
435,
162,1
62,0
205,1
278,
174,0
276,0
86,1
129,
132,0
156,
291,1
183,0
308,0
4,0
380,1
342,
179,1
330,0
6,0
135,1
84,
499,1
176,1
112,1
287,0
369,0
198,
112,1
203,
97,
317,
304,
32,1
278,1
421,
0,1
435,1
194,0
203,
312,0
441,
299,1
78,
347,1
402,
349,0
326,
400,
227,1
154,1
120,
458,0
389,1
447,1
117,1
341,
60,0
133,1
210,1
412,1
256,0
42,
255,0
427,
500,0
476,0
499,
402,1
56,
45,
328,
81,
481,0
32,
481,0
10,0
489,1
38,0
459,0
274,
220,1
304,
178,0
382,
370,0
3,1
155,
83,1
76,0
24,
289,0
388,
222,0
301,
57,
88,
407,0
101,0
319,
336,
419,0
70,0
13,0
450,0
393,1
222,
474,
11,1
120,
260,1
90,
423,
121,1
442,0
411,1
74,
97,1
195,1
350,
246,0
354,
482,0
454,
343,1
440,
241,1
72,0
175,1
76,1
498,
161,
453,0
421,0
344,0
434,1
305,
201,0
307,
491,
270,1
207,0
178,1
330,1
248,
272,1
197,1
64,
53,
430,
0,0
437,0
22,1
182,1
329,
266,1
414,
111,
58,0
369,1
334,0
0,
300,0
346,
397,
316,1
199,1
220,1
78,
11,1
162,0
359,0
350,1
410,
165,1
343,1
304,1
207,1
312,0
460,0
168,1
309,0
231,1
459,0
431,0
477,
90,
422,1
8,0
338,
493,1
126,1
94,
110,0
126,0
3,0
242,1
61,1
491,0
279,0
356,
76,
7,1
411,
56,
41,0
357,1
281,1
31,1
153,
276,1
66,
439,
277,1
216,0
99,
60,1
60,1
380,
435,0
333,0
120,1
272,
139,0
57,1
312,0
23,
76,
93,1
116,
491,
200,0
201,
118,0
430,
467,1
230,1
61,
338,0
27,0
273,1
121,
46,1
443,1
182,1
161,
299,0
485,
488,
300,0
220,0
268,
362,1
477,1
362,1
322,
283,1
206,
156,
88,
263,0
0,1
55,1
128,1
246,
479,
232,0
430,1
299,0
8,
343,0
171,
280,
307,
218,1
29,1
46,1
496,
256,0
251,
23,
261,0
413,0
438,
148,1
216,
489,
379,0
10,1
319,0
8,0
95,0
220,0
122,0
324,0
320,
284,0
350,
221,
265,
262,
391,
110,0
147,0
198,1
494,1
118,
131,0
315,
112,0
389,0
231,
72,0
202,
276,
394,
440,1
383,0
345,
366,0
26,0
207,0
408,
25,1
54,
169,
9,0
308,
39,
398,
481,0
373,1
88,0
143,1
379,
265,1
391,1
181,0
2,0
96,1
388,0
18,0
184,0
227,
31,
375,
46,
282,0
450,0
56,1
157,
480,0
111,0
447,1
373,0
267,
2,1
45,0
137,0
0,0
61,
103,1
426,0
434,
332,0
406,1
214,0
111,0
202,0
26,0
372,
453,
392,
31,
257,1
105,1
171,
230,1
252,1
84,
329,0
415,1
300,
28,0
201,1
62,1
347,
396,
121,0
370,
498,
99,
77,1
192,
352,1
172,
452,1
412,1
23,
412,
309,1
251,
61,
238,0
335,
32,1
129,1
293,0
141,
443,0
78,
52,1
313,
39,0
390,0
109,0
491,
395,0
319,
20,0
202,0
494,0
239,1
162,
187,1
402,
401,1
204,
142,1
394,
28,1
191,0
251,
306,1
99,0
154,1
431,1
362,0
424,0
257,0
173,
195,
294,1
0,0
387,0
13,0
419,1
125,
5,0
67,
138,
428,0
276,
467,1
110,
259,1
475,1
455,0
183,0
76,1
202,
131,
98,
172,1
149,1
71,1
287,0
269,0
481,1
27,1
218,
223,1
435,
132,0
155,0
479,1
343,
497,0
85,
264,1
374,
190,1
385,
499,1
190,0
414,
479,1
92,1
237,
481,0
157,0
10,
444,
360,0
446,
231,1
498,1
122,
395,1
442,1
297,
379,0
114,
299,0
120,1
393,
497,
485,0
274,
474,1
281,0
55,1
346,0
476,1
304,
294,
474,1
343,0
151,
86,
489,
85,
22,1
278,1
213,0
174,0
359,0
246,1
82,0
55,0
52,1
8,0
168,0
231,0
396,
497,1
413,
477,1
231,0
155,
49,1
448,0
346,1
317,0
434,1
170,1
228,1
302,
307,1
61,1
429,
157,1
39,0
379,1
416,0
409,0
470,
336,
70,1
226,0
154,1
453,0
288,
293,0
375,1
401,0
316,
264,
34,
201,
139,
135,0
479,
116,
10,0
427,1
400,0
358,
332,
479,1
49,0
498,0
142,
24,
287,
75,1
376,
385,
354,1
288,
40,1
256,
148,1
5,0
244,
457,
409,
370,0
471,1
452,0
335,1
365,
294,
251,0
236,1
336,1
398,0
5,1
146,
496,1
336,0
95,0
446,0
202,
27,
123,0
228,1
418,1
198,
160,
273,
173,0
138,1
405,
191,0
28,
444,1
108,0
393,0
256,0
377,
258,
454,1
322,0
61,
462,0
142,1
496,
333,
336,
196,1
264,0
360,
103,1
69,1
109,0
163,1
19,0
89,
218,0
185,
373,0
113,1
256,
294,
252,
349,1
390,1
278,
209,0
342,
105,0
234,
191,1
284,1
206,0
81,0
63,
312,0
369,0
147,
74,1
255,0
309,0
143,
404,1
214,
38,1
127,
37,1
363,
104,
223,0
298,1
489,
451,
215,
309,0
388,0
191,
450,1
293,
158,
260,0
216,0
178,1
353,0
247,0
249,
141,1
398,0
425,
319,0
384,
410,
456,
298,0
73,1
135,1
377,0
357,1
392,1
215,0
308,
10,0
258,0
162,1
9,0
287,1
448,0
1,1
244,1
401,0
477,0
367,0
227,0
6,0
348,1
302,
186,
121,
435,0
239,1
299,1
364,0
106,
98,1
360,1
388,
444,1
271,0
478,1
366,
214,0
205,
496,
493,1
345,
35,0
388,
411,0
371,0
336,
324,
407,0
9,0
318,0
164,0
443,0
423,
144,
220,1
422,
265,0
248,
471,
7,1
144,1
55,0
39,
155,0
182,
301,0
83,0
308,1
342,
10,1
496,1
399,0
199,0
56,0
252,0
348,1
46,1
360,0
243,0
106,1
397,
116,0
285,
316,
282,1
101,1
441,0
193,
449,
2,
80,1
113,0
400,
419,0
287,
447,1
270,1
214,1
312,1
261,0
173,
316,1
335,1
432,0
250,
296,1
186,0
223,
262,1
334,
218,1
333,0
417,
293,
431,1
97,0
396,
216,0
360,1
149,
72,0
130,0
192,
432,1
426,0
0,
184,
216,1
457,
468,0
50,1
499,
260,0
259,0
24,
310,
493,0
29,
23,
391,1
103,
473,
220,
153,1
449,1
493,1
372,1
250,1
21,1
32,
267,0
353,1
460,1
6,0
129,
236,0
376,0
300,
308,0
403,0
77,1
92,0
273,0
113,
81,1
180,
345,
326,0
186,1
499,
413,0
317,0
400,
311,0
415,0
217,0
494,0
307,
69,1
250,
455,
485,0
261,1
410,0
216,1
353,
447,
327,1
324,1
33,1
388,1
60,1
230,1
15,1
351,1
492,0
172,0
122,
261,1
305,1
347,1
90,0
72,1
205,0
157,1
3,
260,0
470,
281,0
432,
234,0
416,0
181,1
160,0
421,1
70,0
497,
255,
252,1
170,1
16,0
483,
88,1
380,
317,1
210,1
278,
245,
3,0
296,0
193,1
293,0
50,0
62,0
136,
127,1
394,0
337,0
183,1
313,0
303,1
157,
52,0
75,1
400,0
496,0
116,1
140,0
150,
184,
230,
405,1
208,0
215,
12,
51,
350,1
443,
114,0
454,1
405,0
482,1
442,0
246,0
432,
460,
112,1
29,1
125,
87,
226,1
490,
109,1
435,
148,1
300,0
376,
384,1
362,1
246,1
328,1
392,0
24,0
433,1
207,1
362,1
127,0
49,
22,1
8,
310,0
447,
84,0
395,1
465,1
26,0
177,1
336,0
216,
7,
100,
321,0
472,0
190,
495,0
397,1
462,
19,
372,1
290,
147,0
104,
400,
144,
275,
72,
132,0
40,
457,
207,0
176,
278,1
133,
413,1
206,0
349,1
30,
265,1
409,0
156,
253,1
29,0
216,1
124,
227,1
141,0
151,0
288,
458,0
459,0
497,
298,
3,0
434,1
343,1
188,0
167,
288,0
116,1
270,1
15,
43,
289,1
266,1
144,0
83,1
383,1
403,0
450,1
203,
131,
379,1
487,0
282,0
454,
300,
21,1
213,
35,
491,0
321,
182,1
417,0
486,
190,1
82,
196,1
494,0
287,0
264,
338,1
195,0
83,
53,0
181,
349,
224,0
12,1
55,
181,1
231,1
213,
174,
217,0
241,0
210,1
30,
410,
472,0
128,1
107,
162,
110,0
374,0
420,0
368,0
445,1
453,
387,1
457,0
477,1
215,1
57,
495,1
413,0
341,1
466,1
326,
131,0
263,1
209,
269,
80,
210,0
22,1
332,1
376,
162,0
352,
148,
109,0
112,0
453,1
235,1
323,
478,1
5,1
149,
374,1
219,
414,
352,
159,0
392,1
401,1
364,
1,
44,1
431,
329,0
119,
81,1
290,1
229,0
491,0
480,0
333,
398,1
139,0
121,1
26,0
494,1
367,1
223,
8,1
408,
132,1
435,
372,1
142,1
45,0
116,
181,0
399,1
442,0
287,1
158,0
94,0
130,1
351,1
330,0
491,0
336,0
322,
329,
430,0
404,1
415,
368,0
405,1
275,
495,1
368,0
418,0
164,
214,1
378,
322,1
69,
490,
432,0
92,
340,0
165,0
460,0
109,0
163,0
52,
324,0
207,1
316,0
424,0
21,1
280,
365,
442,
266,1
438,0
123,0
29,
449,0
307,
500,1
415,1
103,0
123,0
235,1
286,
162,1
222,0
216,0
462,1
160,0
85,
227,
348,
500,0
342,
86,1
363,0
382,0
46,1
483,1
79,0
100,
163,1
291,1
464,1
334,0
103,
482,
433,
440,0
463,1
468,0
138,1
24,
199,0
391,
463,
339,0
427,
237,0
0,
25,
409,
136,
348,
227,
171,1
359,0
417,1
212,1
362,
429,0
191,1
56,1
438,0
478,
254,1
100,0
329,1
84,
90,1
455,
98,1
260,
295,
33,1
428,
480,0
1,0
445,0
397,0
254,0
401,
297,0
270,0
360,
196,1
484,0
454,1
386,0
178,
156,0
284,0
160,1
39,0
239,1
277,0
361,0
403,1
439,1
205,
93,0
227,
16,
276,1
7,
459,1
264,1
119,
417,
485,
417,1
391,0
367,1
111,0
99,0
334,
416,0
337,0
459,
360,0
191,0
178,
343,0
371,0
140,0
489,0
417,
408,1
277,1
349,1
383,
262,
168,1
69,0
406,1
345,0
290,1
32,0
180,1
255,0
222,
263,1
326,1
234,
277,1
33,
450,0
245,1
218,0
461,0
497,
478,
417,1
495,1
117,1
362,1
62,0
240,1
204,
448,0
124,
22,0
204,
209,1
18,0
209,1
29,
69,0
281,
482,
402,
167,0
498,
232,1
453,
381,0
343,0
257,1
492,
55,0
87,1
165,
131,
388,0
183,
3,0
493,
240,1
23,1
405,0
410,0
240,1
276,1
215,1
436,1
328,1
125,1
461,
93,0
462,1
110,1
76,
241,
32,1
87,0
488,0
498,1
145,
362,0
366,
200,1
68,1
129,0
453,
340,
304,1
373,1
311,
33,
311,0
78,
0,
178,
477,0
448,1
109,1
403,1
184,
172,
383,
350,1
178,0
108,
221,1
128,
317,1
401,
317,
431,0
335,
226,
164,0
47,1
37,0
135,1
156,
297,
209,1
480,0
206,1
194,1
448,
215,1
250,0
117,0
211,1
223,
171,
288,
46,0
98,1
454,0
237,
469,1
229,1
334,0
458,
254,0
399,0
0,
326,1
191,0
190,1
142,1
67,0
416,1
319,1
387,1
410,
241,
499,
339,
364,0
436,1
264,1
86,
409,1
386,
227,
138,
93,0
342,1
36,
293,0
58,
424,0
267,
494,1
183,
352,1
263,
190,0
488,1
255,
231,0
258,0
395,1
176,1
34,
447,0
430,1
219,1
157,
140,1
414,
173,0
449,0
466,1
76,1
460,1
373,
468,1
373,0
421,0
302,
483,0
322,1
157,1
475,
353,1
369,1
368,0
173,1
52,0
450,1
469,
163,0
313,1
451,1
327,0
370,0
181,
142,1
430,1
28,1
357,
458,0
170,0
10,0
22,1
279,0
173,
405,0
25,
407,0
180,1
322,1
348,1
204,0
488,
368,1
393,
261,1
24,0
137,
130,1
3,
412,
389,1
272,0
334,
224,
95,1
16,
122,1
413,0
302,1
271,1
89,1
90,1
284,
444,
228,1
405,0
414,1
52,0
292,
194,0
327,0
113,
70,
144,0
404,1
141,0
62,1
38,
311,0
236,
288,0
27,1
448,0
50,0
170,1
78,
432,
130,0
366,1
29,1
473,
216,
320,0
189,0
391,0
68,
74,1
104,1
415,
406,
162,1
376,1
88,
138,0
159,1
322,0
416,0
252,1
190,1
375,
413,1
222,
279,1
237,0
1,0
54,
262,0
435,0
338,1
300,
155,0
223,0
296,1
125,
387,1
400,1
379,1
258,1
315,
239,
132,1
195,0
482,
85,
17,1
149,
472,1
169,0
479,0
452,1
253,1
295,1
283,0
409,0
328,1
394,0
494,0
391,
482,1
173,1
36,
80,0
183,1
65,
261,0
175,
217,1
21,1
190,1
367,0
479,0
21,1
14,
289,0
250,1
329,1
401,0
340,1
120,
374,1
369,
324,1
380,1
113,
260,
392,0
94,
365,1
492,1
151,
122,0
190,
308,
67,1
326,0
178,0
420,1
2,
30,1
399,0
28,
109,1
452,
253,1
198,0
236,
481,1
104,1
461,0
461,0
490,
49,1
287,0
236,0
212,0
494,1
286,
476,0
50,
125,0
181,0
474,
486,1
369,0
355,0
145,1
491,0
87,
421,0
144,0
418,
478,0
276,0
442,1
48,0
271,1
64,0
65,0
438,1
114,0
66,0
473,
52,
432,
239,0
317,
166,1
269,0
411,1
475,1
484,
404,0
462,1
242,0
16,1
181,
31,0
228,
453,0
420,1
54,1
53,
399,
372,0
379,1
238,1
228,
80,
223,1
187,0
276,
84,
271,0
197,
118,0
113,0
215,
435,0
91,0
88,0
46,
499,0
53,1
177,
216,0
443,0
302,
405,1
239,
119,0
47,
18,0
470,0
458,
313,0
361,0
432,
499,0
415,0
195,
226,
37,0
204,1
147,0
379,0
318,0
498,0
164,1
485,0
209,0
323,1
373,1
328,0
126,1
133,0
445,0
165,1
254,
251,1
131,1
472,1
492,0
137,1
109,
38,
234,
257,1
431,
154,1
315,1
364,1
168,0
286,
234,1
190,0
252,0
251,1
460,1
55,
34,1
480,1
278,0
210,1
462,
387,0
76,
390,0
419,1
199,0
198,0
349,
142,
244,1
136,
439,1
123,0
162,0
177,1
11,
31,1
402,0
489,0
323,1
328,0
341,0
278,
53,0
372,1
251,1
314,1
5,1
41,
329,0
14,1
59,0
31,1
94,0
176,0
484,0
424,0
141,1
233,
447,1
437,
247,
385,
61,0
42,1
491,1
361,
260,1
318,
312,0
499,
20,
149,1
232,
196,1
426,0
185,0
368,0
200,1
475,1
337,1
78,
304,
110,0
221,1
336,0
84,0
328,1
63,1
78,0
116,1
262,
445,0
272,
114,
148,1
27,
469,
22,0
286,0
284,0
332,0
165,
119,0
338,1
76,
493,
166,1
109,1
115,
472,0
313,
190,
204,
308,1
310,1
82,1
470,1
92,0
429,0
201,
168,
487,0
166,
293,0
457,
284,0
163,
78,1
355,1
330,
85,0
57,
398,1
55,1
234,
90,1
415,
212,0
52,1
223,
370,1
178,0
222,
227,
102,1
7,0
228,
105,1
91,0
180,1
329,1
31,
123,1
316,1
470,0
61,1
449,1
293,1
68,0
363,0
152,0
279,0
299,0
308,1
46,
121,
491,0
297,
286,1
439,1
221,1
353,1
442,
19,0
274,1
463,1
60,1
44,1
133,0
473,
30,
174,
45,1
303,1
485,1
64,0
322,1
390,1
72,1
12,1
94,1
346,1
443,
54,1
459,0
438,1
162,0
398,1
252,0
77,1
151,1
111,1
447,
163,1
303,0
467,0
301,0
103,1
92,1
296,1
247,
228,1
216,1
403,0
45,
64,0
138,0
381,1
145,
242,
300,
136,0
267,0
255,1
252,0
78,1
244,0
486,1
226,
58,
217,
239,0
329,1
133,0
176,0
427,
142,1
306,1
328,
265,
437,1
35,1
440,0
14,0
244,0
22,1
438,0
306,
213,
267,1
357,1
68,0
417,1
403,0
348,0
71,
373,
30,0
323,
294,
495,1
400,0
471,1
84,
479,
186,
472,0
404,0
86,0
456,0
1,
274,0
83,1
140,1
390,1
133,
315,0
425,0
416,0
466,
195,1
205,1
429,1
332,1
67,1
61,0
137,1
1,1
258,0
232,1
409,0
102,1
294,0
12,
316,0
401,
413,
369,1
263,1
113,1
420,1
149,1
183,0
62,0
46,
390,
353,1
117,1
450,1
139,1
272,0
32,0
368,0
338,
49,0
80,1
141,1
266,0
352,
153,1
103,1
41,1
204,
401,1
404,0
135,0
68,1
427,
260,1
103,1
80,
275,1
290,
309,1
146,1
114,1
16,1
435,0
216,0
53,
377,1
466,1
184,1
353,
448,
280,0
3,1
263,
284,0
485,
366,0
299,
492,1
420,
490,0
189,
159,1
386,0
104,1
46,
86,
271,1
56,
56,
424,
275,0
486,0
73,
381,0
180,1
270,
360,
100,
311,1
409,0
467,
21,1
68,1
159,1
19,
69,1
315,0
95,0
436,0
187,0
61,0
375,1
455,
104,1
98,0
480,
59,
240,
319,0
499,0
76,1
80,0
90,1
170,0
212,
447,
43,
432,1
23,1
448,0
349,0
231,0
458,0
142,
430,
406,
490,0
42,1
5,
308,0
271,0
19,1
133,0
490,
58,
213,0
261,1
447,1
329,0
412,0
35,
166,0
344,0
296,
369,
270,0
462,0
332,1
172,1
262,0
66,
282,1
126,1
451,0
2,
256,1
108,1
433,1
8,0
10,
123,
164,1
146,0
495,
342,1
20,
13,1
298,
404,0
94,1
218,
67,0
476,
166,1
5,1
380,0
404,
198,0
339,1
13,1
42,1
94,0
366,
213,1
489,1
142,
261,1
19,1
125,
424,
20,1
429,0
77,0
137,
492,
60,1
135,0
133,0
386,0
222,1
118,1
309,
469,0
96,0
220,0
491,1
435,1
162,1
395,1
236,
330,
415,
359,
242,0
103,1
254,0
362,1
460,
191,0
492,1
44,
494,1
1,
78,0
193,0
479,0
452,1
145,0
320,1
274,1
476,0
237,1
21,1
238,
453,0
320,1
362,0
134,
220,1
165,0
315,1
428,1
216,0
200,0
118,
106,
182,0
107,0
145,0
198,0
246,1
483,
443,
22,
393,
451,1
285,0
376,0
203,0
400,
77,
403,1
337,
13,
116,0
342,1
20,
271,1
59,0
333,1
304,1
412,
147,0
450,0
238,
126,0
250,1
444,0
176,0
202,
332,0
73,0
468,
194,1
366,1
268,0
103,1
86,1
104,0
447,
219,
470,1
496,0
338,
41,1
411,1
0,1
477,0
434,
315,0
392,0
385,1
264,0
379,0
116,
497,1
385,0
351,
392,
245,1
448,
410,0
189,0
100,1
198,
42,0
403,
217,1
58,1
220,
3,
317,1
201,
232,1
17,1
37,0
321,
36,
239,0
491,
53,
361,0
330,0
29,
380,1
135,
79,0
458,1
340,1
330,1
450,0
212,
338,1
321,
91,1
406,1
155,0
233,
428,1
296,0
298,0
188,0
371,0
442,0
116,0
178,0
27,0
358,1
82,
362,1
308,1
198,
68,
221,1
48,1
399,0
82,1
431,1
21,0
109,
386,1
290,
312,1
409,1
380,
316,0
115,1
357,1
53,0
42,0
81,
297,
365,1
102,0
332,0
125,0
374,1
78,1
75,0
398,
357,
347,
378,
43,
396,1
388,
399,1
32,0
212,1
356,0
284,
438,0
304,
257,0
454,0
496,0
170,0
167,1
482,
212,1
160,0
140,0
470,0
118,
363,0
275,1
166,0
414,0
357,0
49,0
193,0
249,0
80,
376,0
245,
382,
322,0
156,0
377,1
65,0
475,1
2,1
232,0
208,1
101,
201,
47,1
344,0
75,
397,1
336,1
327,
480,0
156,
104,
32,0
451,
415,
241,0
72,0
1,0
338,1
281,1
253,
13,1
90,
333,
14,1
34,
145,1
221,1
318,1
340,0
409,0
62,
124,0
354,1
415,0
161,0
189,0
263,
369,0
257,1
218,0
420,
258,
334,0
304,1
55,
151,
253,1
16,
205,0
447,1
127,0
323,0
331,
55,1
243,
366,
176,1
404,0
453,0
296,
233,
485,
275,
471,1
3,
65,
91,
1,0
440,0
129,0
279,0
63,1
31,0
204,0
346,0
489,0
421,0
215,1
500,
429,0
118,0
209,1
280,
7,0
407,1
87,0
444,
149,0
473,0
320,1
324,0
290,0
93,0
250,0
99,
355,
264,0
34,1
324,0
97,1
19,0
394,1
353,1
330,1
392,
40,0
132,
257,0
401,0
51,0
315,
407,1
450,0
190,
422,1
254,0
218,
304,0
163,0
37,
75,0
80,
204,0
284,0
388,1
329,
463,
466,1
343,
409,0
412,1
366,
206,0
435,0
442,
347,
65,0
252,0
234,0
121,0
494,0
228,1
200,1
41,0
111,1
171,0
60,0
210,1
64,0
365,
214,0
254,
341,
200,0
139,
100,
222,1
172,1
490,0
51,
488,
375,1
409,0
71,0
334,
306,1
346,0
478,0
477,1
480,1
184,1
219,0
433,1
342,1
319,1
309,
191,1
198,0
317,0
248,
421,0
299,
46,0
102,1
177,0
485,0
417,
94,1
461,0
365,0
417,
5,0
381,0
467,1
77,
105,0
99,
98,
376,1
412,
52,
491,0
443,1
385,1
153,0
75,1
19,
294,0
390,0
360,
217,
167,1
218,1
252,0
283,0
14,1
404,1
100,
164,1
172,
374,0
332,
33,0
11,0
369,
179,1
17,
15,1
50,
408,1
450,1
47,0
52,
137,0
321,0
291,
394,1
63,1
59,
170,
135,0
330,1
84,1
446,1
449,0
326,1
342,
216,1
121,1
377,
361,1
287,0
159,
393,
188,0
29,0
70,
367,0
181,1
15,0
305,
233,1
150,1
23,0
184,0
275,
302,
324,1
107,0
191,1
338,0
125,
273,
77,1
460,0
194,0
42,1
274,1
355,
246,0
278,
398,
430,1
127,1
137,
131,
153,0
137,0
412,
126,1
11,
465,1
259,
22,0
85,
327,
10,1
262,
366,
226,
484,1
453,
151,
462,
276,
325,1
370,1
83,0
472,
478,1
437,
3,1
67,0
163,0
183,1
426,
455,0
441,0
158,0
254,0
317,1
434,
93,0
207,1
160,0
232,1
112,1
105,0
384,0
316,
313,1
116,
51,0
445,
301,1
306,1
482,
186,
123,
113,0
4,0
466,1
93,0
258,0
327,1
147,0
463,0
216,0
342,1
225,0
399,
109,0
118,
451,0
192,
323,0
339,0
84,0
120,1
411,0
132,0
364,0
118,
271,
121,
216,0
237,0
38,1
424,
80,0
419,1
29,
240,
448,1
78,
125,0
21,1
487,1
187,0
20,0
76,
282,
227,0
175,
399,
390,0
188,0
451,0
255,
311,0
305,0
210,1
218,0
429,
211,
362,1
430,0
433,
273,
391,1
390,
298,1
442,
253,1
307,
403,1
37,1
473,
297,1
184,1
462,
84,
172,
77,1
406,
248,0
68,1
285,1
125,
93,1
402,
223,0
0,
60,0
69,
423,0
118,
271,0
29,0
26,1
205,1
420,
436,1
91,
422,0
146,0
134,
275,1
51,0
176,1
52,
233,0
373,
22,1
439,
77,0
149,0
274,0
256,1
271,1
143,1
110,1
224,0
85,
105,1
249,1
345,1
16,
149,
330,1
63,1
455,0
384,0
247,0
451,1
59,
243,
1,1
186,1
325,
235,0
135,
83,
88,
72,1
214,
444,1
365,
217,1
486,0
76,1
253,
100,0
353,
358,1
330,0
140,1
208,1
386,
90,1
455,1
212,1
450,1
442,0
8,1
249,
491,
164,1
315,
100,
141,0
212,1
126,
149,0
253,
356,0
309,
175,0
230,0
386,1
342,1
292,0
480,1
175,1
368,0
470,
207,
203,0
217,0
52,1
123,
443,0
10,
35,0
50,1
121,0
124,0
213,1
323,0
462,0
2,1
339,
14,0
228,0
163,
135,0
66,0
373,
1,1
482,0
295,
466,
283,0
397,1
200,
325,
86,0
367,
379,
404,
161,0
31,1
42,1
114,0
320,0
500,1
450,1
262,0
355,0
459,
487,0
341,1
171,0
120,
152,
329,0
277,1
264,
275,
63,
372,
219,1
287,0
70,0
83,0
31,0
477,0
486,
372,1
262,0
361,
91,1
324,0
229,1
75,0
433,1
343,
119,1
390,0
194,0
437,0
261,1
20,
27,0
47,1
367,
190,1
171,
302,
95,
102,1
26,0
343,
8,
412,
208,1
345,
340,1
1,
160,1
348,1
234,1
393,1
350,1
390,
387,1
355,
186,0
83,1
454,1
431,0
182,1
170,0
133,0
191,0
157,0
26,1
85,0
211,1
275,
120,0
276,0
411,0
130,
276,0
214,0
125,1
361,
218,0
221,1
193,
203,0
412,0
487,1
35,
261,1
114,0
481,1
453,
141,0
352,
126,1
253,1
255,
48,
174,1
107,1
304,1
254,1
381,0
51,1
181,1
1,1
320,0
12,0
115,1
420,0
112,1
436,0
465,
274,0
90,0
258,1
274,0
446,0
116,1
244,
393,1
269,1
435,1
331,
1,
404,1
75,0
167,1
279,0
139,0
61,0
285,
224,1
489,
318,0
242,1
300,
68,1
328,
393,
400,
397,1
328,0
406,0
255,
18,0
446,1
413,0
476,
392,
435,
29,0
356,0
3,1
100,
281,0
143,1
123,0
334,0
272,0
44,1
132,0
439,0
204,
62,
422,0
13,0
287,
20,
37,1
22,0
349,
151,0
231,0
434,1
132,0
217,0
492,0
364,0
452,
37,1
153,
384,0
20,1
390,0
279,0
293,
21,1
459,
54,
22,
397,
366,
355,
407,1
461,0
144,
137,
203,
310,0
340,1
184,1
468,
38,1
381,1
454,0
44,0
404,1
483,0
284,0
496,
59,
287,0
39,0
84,1
301,1
392,0
69,0
348,
169,1
326,1
487,1
283,1
19,1
413,
6,
63,1
397,1
170,0
414,
10,1
218,1
156,1
104,1
341,1
71,1
377,0
219,
238,
175,0
269,
40,1
228,
407,1
305,
416,0
90,0
310,
294,
87,
60,
198,
495,1
109,0
341,1
60,0
93,0
290,0
426,1
254,1
242,0
137,1
300,0
361,
392,
340,
177,0
40,1
423,0
131,1
453,
149,
92,0
271,0
77,0
148,1
350,1
349,1
185,0
408,0
56,1
196,1
500,
71,0
300,0
41,1
355,1
376,
476,0
147,1
364,0
122,1
320,1
124,0
420,1
312,1
264,0
152,0
202,0
118,0
485,1
94,0
375,1
211,1
232,
337,0
416,
17,1
222,0
450,0
494,1
398,1
286,
355,
200,0
487,
42,1
272,0
53,
10,0
322,
152,0
119,1
323,1
357,
396,1
117,
337,0
480,
324,1
242,0
221,
162,
348,
160,
181,0
344,
389,0
301,0
423,
295,0
359,
493,
26,1
286,1
174,0
6,1
59,1
59,
116,0
93,1
219,
160,
327,1
354,
401,0
47,
323,
371,1
291,
356,
25,
293,0
240,
43,1
368,1
286,0
268,
452,1
150,0
353,
221,0
39,
194,0
48,0
463,0
371,1
128,
236,
125,0
490,0
377,0
270,0
429,0
459,1
234,1
442,0
400,0
374,
47,1
205,0
286,1
199,0
487,0
229,0
389,
237,
261,
94,0
142,0
137,0
24,1
230,
249,0
342,1
279,1
153,
183,
228,1
274,
312,0
372,1
156,
399,0
118,0
238,0
309,1
176,1
357,
259,1
438,1
326,0
370,
14,1
226,1
397,0
489,
15,0
321,
96,0
257,1
406,0
161,
28,
364,
121,0
389,0
27,
497,0
174,
300,1
65,1
212,
100,
12,1
27,
235,0
283,0
334,1
36,
370,0
455,0
434,0
170,
471,0
453,1
98,1
460,0
335,
32,
55,0
232,
456,0
418,
224,0
52,
74,
324,0
398,1
224,1
245,0
16,1
60,1
174,
135,1
312,0
201,1
111,
186,1
232,1
462,1
336,0
1,
138,1
185,0
329,
363,0
143,
259,1
322,0
401,
195,1
125,0
402,0
371,
349,1
317,
285,
267,
476,1
165,
327,1
342,
300,1
244,0
476,1
29,
122,0
153,0
202,
37,1
68,1
493,
123,1
206,
144,1
71,1
459,
412,0
53,
245,1
363,0
145,1
435,0
62,0
276,1
100,0
493,1
152,0
394,0
13,1
131,0
155,
459,
236,
481,0
120,
395,0
20,1
239,
78,1
200,1
14,
207,0
215,
270,1
236,
361,1
318,
381,
483,
185,
342,
275,
489,1
482,
83,
100,0
500,0
407,1
420,0
156,0
12,
193,
400,
302,
470,0
13,0
289,0
150,1
32,0
178,
143,1
66,
305,0
279,0
317,1
417,0
357,1
188,1
400,
399,
335,1
211,0
127,0
455,1
92,
302,1
337,0
52,0
284,
209,0
391,1
18,1
78,1
482,0
226,0
140,0
262,1
81,
188,1
28,
351,1
250,1
5,0
59,0
277,1
208,
293,0
143,0
484,0
62,
131,0
113,
438,0
153,0
307,
298,0
42,
347,0
46,0
131,
235,
347,
63,0
216,0
10,0
42,1
330,
156,
84,0
395,
173,
315,0
300,
411,
208,1
166,0
359,1
494,0
262,1
481,
450,1
17,1
471,
37,
226,0
98,0
366,0
147,0
258,1
217,
143,0
289,0
95,1
305,0
78,
348,1
86,
226,
37,1
54,1
19,0
172,0
190,1
252,1
253,
307,0
110,1
148,1
11,1
90,1
424,1
361,
285,1
6,1
361,
485,0
51,
434,1
240,
94,0
188,
315,1
94,1
25,0
217,1
152,0
42,
312,
305,
292,1
493,
133,0
180,0
433,0
438,0
334,0
239,0
482,0
36,
490,0
380,
87,1
364,1
470,
54,0
415,
127,1
124,0
350,0
174,0
476,
13,0
216,0
299,1
67,
160,0
314,0
283,1
382,1
426,0
333,0
49,1
107,1
176,
489,0
486,0
139,0
312,0
187,0
322,1
211,0
263,
156,0
273,
343,
151,
332,1
437,1
101,1
32,
152,1
344,
423,
291,1
311,1
158,1
14,
203,0
110,0
376,
12,
374,
151,
419,
292,1
337,0
69,1
89,
437,0
107,1
273,1
323,1
448,0
31,
349,
435,0
175,0
54,
448,
460,
208,0
188,0
383,0
427,
498,0
59,
335,0
122,0
129,1
147,1
449,
382,0
59,0
174,
179,1
232,1
395,1
471,0
88,
432,
492,0
349,0
417,0
289,1
418,1
352,0
232,
76,
1,1
315,0
425,1
484,
302,
295,
222,1
266,
342,1
269,0
144,0
317,1
449,
489,0
220,0
449,
363,1
166,0
288,0
349,
92,1
204,0
14,0
165,
203,1
305,
180,1
123,
466,1
227,0
218,0
409,1
70,0
171,1
452,0
15,1
194,0
486,0
438,0
2,
410,0
171,0
482,0
135,
310,1
205,
141,0
16,1
152,1
491,0
178,1
79,
283,
209,
251,1
206,1
476,
110,0
440,0
46,1
100,0
98,1
312,0
450,0
315,1
352,1
7,0
243,1
95,0
61,0
13,0
127,0
26,
34,1
291,0
202,
335,1
59,0
471,1
352,
186,1
247,1
428,1
282,
446,0
246,1
203,
484,
230,0
336,0
261,0
46,
15,1
376,1
85,0
404,1
39,
312,1
18,
170,1
289,1
304,0
240,1
16,
232,
188,
476,1
396,0
144,
335,1
360,0
337,
227,
34,1
81,
119,0
237,1
165,
97,1
390,0
270,0
223,0
477,1
488,1
90,0
8,1
95,0
18,1
228,
137,0
353,
316,
397,
467,1
353,0
309,
339,1
34,0
254,
243,0
225,0
378,
487,
132,1
463,1
163,0
23,0
445,1
73,1
202,1
124,0
287,1
231,0
397,1
162,0
416,1
113,0
125,0
118,1
494,
137,
496,
101,1
439,1
280,
172,
8,1
135,1
309,
455,0
238,0
122,1
172,1
210,1
186,0
136,1
113,1
477,1
279,1
41,1
266,1
253,0
465,
230,
118,
260,1
318,0
114,0
91,0
128,0
397,1
411,0
261,1
176,
477,0
31,0
89,
354,0
258,
164,
14,1
424,0
451,
61,
298,
52,0
29,1
157,0
113,1
410,0
336,
397,
145,1
151,
152,0
67,1
32,1
427,1
0,
358,
369,
484,
345,0
20,0
426,1
432,1
263,
159,1
160,
172,0
1,1
365,1
450,
357,1
143,
73,1
319,0
39,0
377,
210,1
261,1
416,
225,
154,0
141,1
373,
476,1
401,0
102,
25,
177,1
277,
308,
275,
198,1
336,1
23,1
250,
221,0
465,0
393,0
196,
117,
305,0
233,1
109,
320,
398,1
186,0
319,1
477,1
39,1
425,
326,1
419,0
114,
21,1
109,1
63,1
276,0
379,0
36,0
64,0
365,0
437,1
257,
66,0
292,1
9,1
18,
116,0
333,1
20,
49,1
265,1
259,0
19,1
68,1
127,0
8,1
78,0
459,
359,1
9,1
467,1
104,1
316,1
211,1
157,1
271,0
421,0
176,1
127,1
83,1
296,1
339,1
470,0
256,1
215,0
212,1
189,1
361,
302,
66,
426,0
446,1
323,1
77,1
340,
247,
1,
139,
251,0
338,0
244,0
216,0
96,1
402,
73,0
3,0
227,
239,
143,0
288,1
274,
372,
7,
121,0
76,
221,1
132,1
359,
250,1
401,1
180,0
19,
485,1
46,0
75,1
68,
85,1
468,1
311,0
405,
300,0
353,0
306,1
310,0
59,
289,
208,0
86,
53,1
495,0
128,0
473,
265,0
215,0
166,1
185,1
471,0
155,1
96,1
236,1
156,1
153,0
268,1
15,
439,0
122,1
269,
251,
452,0
125,1
25,0
31,
68,
286,1
120,
383,
102,0
110,1
79,1
246,0
68,0
161,
131,
370,
141,1
279,0
363,0
222,
482,
474,1
190,
37,
478,
300,1
488,1
156,
120,1
3,
84,0
24,
476,0
281,
356,
71,1
191,0
202,
488,
260,
123,
223,0
95,0
104,1
423,1
401,0
177,
242,
200,0
478,1
213,1
213,
24,0
222,0
307,1
138,0
6,
268,
438,
494,1
35,0
409,1
185,1
228,1
34,0
99,
433,0
357,1
101,0
63,0
291,
141,0
429,1
82,
328,1
345,1
257,1
371,
389,0
167,
34,1
249,0
434,
159,0
251,0
178,
473,0
162,
90,0
44,0
357,0
452,1
437,0
315,
264,
182,0
465,0
394,
399,0
253,
115,0
299,0
207,
174,
326,0
290,1
418,0
69,0
318,1
82,
344,0
486,
92,1
27,1
375,1
211,
176,1
497,1
306,0
280,1
329,
494,
52,0
327,
173,0
464,
143,1
478,1
455,
52,
24,1
89,
397,
368,0
407,
162,0
477,1
299,
422,
289,
52,
241,0
414,1
242,
342,1
459,
169,
181,
148,1
18,1
93,1
418,1
284,0
68,
436,
147,0
262,
278,1
317,1
302,
45,1
434,
283,
459,0
253,1
226,1
12,0
486,1
36,1
386,1
498,
85,
162,0
79,0
479,
78,0
74,0
341,
5,
487,0
89,1
302,0
70,1
162,0
114,
390,1
325,0
154,1
43,1
248,1
12,0
328,1
313,1
133,1
168,1
480,
12,0
75,1
385,
260,
289,0
129,0
75,1
436,1
322,0
248,1
405,0
187,
114,
25,
134,0
334,
392,1
32,1
473,1
358,0
410,0
116,0
41,1
23,1
205,0
52,0
83,0
300,
462,
426,
278,1
453,
465,
59,
280,0
301,1
268,
264,1
173,1
193,
254,
410,
407,1
67,
135,0
349,
277,0
359,0
152,1
466,0
266,
440,0
480,1
9,1
20,0
278,
300,
220,
119,
371,
133,1
92,0
101,0
88,0
27,0
224,0
87,0
263,0
283,0
366,0
339,1
7,0
159,0
491,1
192,1
29,1
179,1
101,0
278,
32,1
220,1
384,
51,
115,0
355,0
365,1
210,1
92,1
465,
436,
321,0
39,1
382,1
460,
18,0
64,0
288,1
418,1
164,
164,1
254,0
77,1
180,1
315,1
298,
453,0
296,0
468,1
483,0
181,
393,1
493,
485,
433,
132,
318,
42,0
216,1
96,0
111,0
241,0
464,0
179,1
136,0
121,1
273,1
65,1
311,1
468,1
301,
1,0
43,0
89,0
360,
263,0
458,1
254,0
49,0
146,0
210,1
139,0
414,
9,0
409,
455,0
225,0
421,1
75,1
251,
70,0
474,
232,
342,0
207,0
281,
114,
107,0
379,1
218,1
438,
277,1
114,
386,0
204,
282,1
260,
494,0
451,0
349,
356,1
470,
99,0
410,
333,1
388,
355,0
200,
131,1
273,
173,1
483,1
206,
500,1
162,0
78,1
5,1
32,
40,1
140,
216,1
305,0
84,0
414,1
486,1
334,0
47,
328,0
455,1
44,1
309,0
243,1
18,
386,
228,
124,1
358,
95,0
30,1
332,
136,1
179,0
203,0
226,1
41,
283,0
43,1
150,1
233,1
391,
219,1
211,1
177,0
31,1
39,0
106,
26,0
66,0
46,
187,
205,
409,1
471,0
76,
270,0
285,
446,
434,
437,
452,0
327,
446,1
41,
122,1
314,
367,
167,0
330,1
444,
293,0
79,0
415,0
213,1
295,1
262,0
426,1
444,1
49,
458,1
493,
456,0
316,1
468,0
128,
398,0
366,0
332,0
95,
439,1
217,1
164,0
464,0
316,0
423,0
10,0
468,1
161,1
354,
50,1
339,0
463,
159,1
140,0
253,
223,
218,
303,1
460,
306,1
179,
146,
205,1
129,1
175,
367,
439,1
455,
121,1
384,0
172,
66,0
328,1
179,0
235,0
487,
191,
87,1
117,1
344,0
486,0
274,1
21,0
216,0
231,1
383,0
412,0
52,1
118,
360,1
68,
474,0
204,1
394,1
227,
447,0
340,1
77,
472,0
382,0
207,1
42,0
393,
50,
203,
399,
2,1
342,0
24,0
363,0
88,1
126,1
174,1
319,1
51,0
365,
480,1
112,
303,
428,1
105,1
123,1
197,0
492,1
221,0
219,1
180,1
70,
349,
478,1
319,0
471,
50,
441,1
274,1
443,
89,
437,
477,0
416,
202,
208,1
313,0
228,0
68,0
367,
308,
313,
266,
402,
92,0
81,
85,1
335,0
121,
240,0
330,0
121,1
211,
160,1
159,
169,1
499,0
255,1
244,1
401,
201,0
116,1
157,
143,0
265,0
390,
256,1
402,0
208,
16,0
261,0
102,1
328,1
148,1
160,0
338,
173,1
423,
92,1
274,0
249,
338,0
285,0
72,1
389,
453,0
269,
329,1
39,0
172,
20,1
397,0
230,0
215,0
360,1
361,
25,0
195,
244,1
433,1
415,0
180,0
400,0
219,1
323,
262,1
286,1
181,0
54,1
242,0
367,
160,
466,0
169,1
335,0
470,
238,
333,1
11,
345,0
434,
391,0
87,1
374,0
161,
215,
287,1
324,1
388,1
422,
287,
33,0
371,1
170,1
492,
376,0
166,
142,1
147,
392,0
290,1
457,1
209,0
335,0
415,
97,1
0,0
195,1
398,
352,1
193,0
238,0
122,
269,0
30,
156,1
401,
462,1
341,
386,1
363,0
356,
134,1
332,1
441,1
287,
162,
20,1
7,1
99,0
106,1
389,0
415,
66,
206,0
44,0
50,
296,1
264,
174,0
195,1
132,1
30,1
300,1
117,0
127,1
343,1
127,
393,0
498,1
118,1
457,0
356,1
305,
335,1
400,
451,0
191,1
129,1
6,0
100,0
25,1
363,
207,1
363,
114,1
282,1
66,1
488,1
393,1
226,
185,
178,0
182,
214,
127,
124,
125,0
197,
367,1
48,0
210,
118,
312,
104,1
415,
274,1
121,
386,
77,1
74,
62,0
432,1
325,
397,
344,1
380,0
488,0
15,
55,1
8,
61,0
43,
191,1
109,0
313,1
412,0
154,
153,
68,1
1,0
253,1
474,
38,1
77,0
68,1
483,0
451,1
329,0
235,0
270,1
321,0
382,0
341,
470,1
499,0
469,1
319,0
391,
234,0
194,
51,0
105,
287,1
286,0
167,0
472,0
387,
99,1
56,
439,0
478,0
440,1
33,1
282,1
19,0
382,0
140,0
162,
401,1
33,1
339,0
61,0
389,0
287,1
179,1
381,1
432,0
361,1
308,
263,0
13,
146,1
141,
7,
64,1
62,1
86,
72,0
448,1
3,0
441,1
428,
395,0
133,0
349,
329,1
440,
9,1
155,
233,0
272,1
488,1
439,
226,0
423,1
409,0
317,1
348,
208,1
488,0
366,0
480,1
277,1
10,1
329,1
275,0
275,
403,
103,0
399,0
329,
372,1
119,0
430,1
149,1
312,
312,1
103,0
343,
212,1
170,
122,0
94,0
158,0
436,1
474,
164,0
328,1
162,1
73,
232,0
205,1
213,0
57,
260,
355,
51,0
319,1
359,1
12,1
123,
351,0
239,
255,0
431,
326,
427,0
22,0
276,0
131,
322,
62,
305,0
465,
404,1
103,0
128,
346,0
287,0
28,1
402,0
150,0
14,1
276,
310,
456,1
83,0
33,1
162,1
194,0
219,0
105,1
460,
33,1
67,
408,1
414,1
33,1
353,0
40,1
23,1
263,0
217,1
86,1
294,0
452,
479,1
133,0
147,
471,0
224,
266,0
261,1
8,
448,
98,
149,
282,
59,0
465,1
485,
146,
312,1
250,
233,
93,0
102,1
405,0
17,
417,1
240,
410,
72,
218,0
72,0
18,0
211,1
475,1
1,
75,
84,0
263,
62,
132,
336,
420,1
339,1
455,
461,
424,0
100,1
421,1
422,0
301,
109,0
453,
458,
234,
14,
413,0
395,0
185,
271,0
35,0
159,0
313,0
461,1
74,0
356,1
153,
21,
230,
412,
235,0
122,
325,1
376,1
268,
193,1
5,
296,
184,
427,0
400,0
194,0
272,
172,
353,
477,
106,1
370,
495,0
309,0
10,1
54,
18,
419,1
168,
86,0
3,1
218,
226,
144,
470,
117,1
78,1
322,
300,1
135,
72,
361,
26,1
399,1
21,
497,1
169,0
109,1
246,
164,0
479,
208,0
394,0
246,1
111,
13,
199,
290,1
361,1
124,1
303,1
463,1
215,
140,0
369,
256,1
352,0
269,
211,0
32,0
297,
16,0
220,1
190,
400,
35,1
347,1
161,0
196,0
408,0
31,
368,
276,1
21,0
11,1
288,0
84,
149,1
224,
275,0
306,0
349,1
340,
106,0
264,1
340,1
349,0
144,0
401,
291,
500,0
307,
334,
390,
252,1
216,0
269,0
105,
249,0
154,0
49,
400,1
142,
138,1
392,1
294,
32,0
114,0
305,0
134,
68,
482,1
344,1
273,0
95,1
102,0
232,0
241,
308,1
378,0
14,
346,1
218,0
100,1
204,0
219,1
232,
467,
93,0
327,0
73,1
183,0
411,
98,0
299,
402,0
166,0
168,0
442,0
237,1
26,
171,1
279,1
